release,top_contributions_perc 1,top_contributions_perc 2,top_contributions_perc 3,top_contributions_perc 5,top_contributions_perc 10,top_contributions_perc 15,top_contributions_perc 20,top_contributions_perc 25,top_contributions_perc 30,top_contributions_perc 50,top_contributions_perc 100,top_contributions_perc 200,top_contributions_perc 500,top_contributions_perc 1000
Before joining CNCF,40.3935185185185185,56.1342592592592593,64.5254629629629630,71.5277777777777778,80.2662037037037037,84.3750000000000000,87.0949074074074074,88.8310185185185185,89.9884259259259259,93.7500000000000000,98.4375000000000000,100.0000000000000000,100.0000000000000000,100.0000000000000000
Since joining CNCF,24.5175936435868331,38.8951948543321983,49.7729852440408627,70.4124101399924328,84.1657207718501703,87.7033673855467272,90.3329549754067348,92.2058267120696179,93.4165720771850170,95.9515701853953840,98.2595535376466137,100.0000000000000000,100.0000000000000000,100.0000000000000000
